{
  "msg": {
    "COMMENT": "IF YOU DECIDE TO USE CUSTOM EMOJIS, USE THE NAME AND THE ID IN MSG, EXAMPLE: ⬜ --> <:progressbar_left_filled:818558865268408341>",

    "ERROR" : "<a:wrong:908686422184198184> ",
    "SUCCESS" : "<a:green_yes:908667433714343967>",

    "disabled" : "<a:wrong:908686422184198184> ",
    "enabled" : "<a:green_yes:908667433714343967>",

    "progress_bar": {
      "leftindicator": "[",
      "rightindicator": "]",

      "emptyframe": "⬜",
      "filledframe": "🟧"
    },

    "playing": "<a:musicop:908687658262331433>",
    "pruning": "<a:Talking:908668043658412064>",
    "equalizer": "🎚",
    "cleared": "🗑",
    "leave_on_empty": "<a:singing:913348085046980618>",
    "time": "<:timer:913348235739930675>",
    "premium": "<a:money:908685366184271923>",
    "song_by": "<a:music:908668497498869792>",
    "setup": "<a:settings:908685063330353232>",
    "dj": "<a:rasengan:908686551993692221>",
    "bot": "<:discord:908666046339248189>",
    "search": "<a:king:908665530506965022>",
    "resume": "▶",
    "pause": "⏸",
    "lyrics": "<:discord_verified:908670791015624704>",
    "disk": "<a:musicop:908687658262331433>",
    "ping": "<a:error:908665367440797716>",

    "rewind": "⏪",
    "forward": "⏩",
    "pause_resume": "⏯️",
    "stop": "⏹️",
    "previous_track": "⏮️",
    "skip_track": "⏭️",
    "replay_track": "🔃",
    "reduce_volume": "🔉",
    "raise_volume": "🔊",
    "toggle_mute": "🔇",
    "repeat_mode": "🔄",
    "autoplay_mode": "♾",
    "shuffle": "🔀",
    "show_queue": "📑",
    "show_current_track": "🩸"
  },
  "react": {

    "COMMENT": "IF YOU DECIDE TO USE CUSTOM EMOJIS, USE JUST THE ID IN REACT, EXAMPLE: ⏪ --> 818558865268408341",

    "ERROR" : "908665367440797716",
    "SUCCESS" : "908665232229040170",


    "rewind": "⏪",
    "forward": "⏩",
    "pause_resume": "⏯️",
    "stop": "⏹️",
    "previous_track": "⏮️",
    "skip_track": "⏭️",
    "replay_track": "🔃",
    "reduce_volume": "🔉",
    "raise_volume": "🔊",
    "toggle_mute": "🔇",
    "repeat_mode": "🔄",
    "autoplay_mode": "♾",
    "shuffle": "🔀",
    "show_queue": "📑",
    "show_current_track": "🩸"
  }

}
